{"cameraMode":{"drawMode":0,"name":"Shaded","section":"Shading Mode"},"sceneLighting":true,"audioPlay":false,"sceneViewState":{"m_AlwaysRefresh":true,"showFog":true,"showSkybox":true,"showFlares":true,"showImageEffects":true,"showParticleSystems":true,"showVisualEffectGraphs":true,"m_FxEnabled":false},"in2DMode":false,"pivot":{"x":34.316524505615237,"y":5.661630630493164,"z":33.82236862182617},"rotation":{"x":-0.1361888349056244,"y":-0.05287868157029152,"z":0.0072798291221261028,"w":-0.9892439246177673},"size":119.59295654296875,"orthographic":false}